From/To,CAP-1,CAP-2,CAP-3
CAP-1,0.3429448275257044,0.2881868830804245,0.368868289393871
CAP-2,0.3595098582449408,0.2914027330314906,0.3490874087235686
CAP-3,0.3259514626040708,0.3255982589778372,0.3484502784180919
