,CAP-1,CAP-2,CAP-3
CAP-1,0.34294482752570443,0.2881868830804245,0.36886828939387106
CAP-2,0.3595098582449408,0.29140273303149067,0.3490874087235686
CAP-3,0.3259514626040708,0.32559825897783723,0.34845027841809195
