,CAP-1,CAP-2,CAP-3
CAP-1,0.39392086984230323,0.3209629782760978,0.285116151881599
CAP-2,0.35969604418988826,0.3294552096330482,0.3108487461770636
CAP-3,0.39020324162082026,0.30227075185253804,0.3075260065266417
