Subject_ID,Run,Mean_FD,Std_FD,Frames_Scrubbed,Frames_Interpolated,Mean_High_Motion_Length,Std_High_Motion_Length,N_Dummy_Scans
0004,run-1,0.13200761871428568,0.14254231139501328,1,0,1.0,0.0,
0004,run-2,0.10379914769230766,0.05579349376314367,0,0,0.0,0.0,
0006,run-1,0.15367701594594593,0.0991528154121092,0,0,0.0,0.0,
0006,run-2,0.1524833347354838,0.07865715802131876,0,0,0.0,0.0,
