Subject_ID,Group,Run,CAP-1,CAP-2
01,A,run-continuous,0.5066666666666667,0.49333333333333335
02,A,run-continuous,0.5333333333333333,0.4666666666666667
03,A,run-continuous,0.6,0.4
05,A,run-continuous,0.54,0.46
04,B,run-continuous,0.41333333333333333,0.5866666666666667
06,B,run-continuous,0.47333333333333333,0.5266666666666666
07,B,run-continuous,0.44,0.56
08,B,run-continuous,0.5,0.5
09,B,run-continuous,0.4866666666666667,0.5133333333333333
10,B,run-continuous,0.46,0.54
