Subject_ID,Group,Run,CAP-1,CAP-2
0004,All Subjects,run-1,0.4117647058823529,0.5882352941176471
0004,All Subjects,run-2,0.5,0.5
0006,All Subjects,run-1,0.4864864864864865,0.5135135135135135
0006,All Subjects,run-2,0.5161290322580645,0.4838709677419355
